{
    "version": 8,
    "name": "Lab 1: Web Mapping - Tristan-copy",
    "metadata": {
        "mapbox:type": "default",
        "mapbox:origin": "basic-v1",
        "mapbox:sdk-support": {
            "js": "1.6.0",
            "android": "7.4.0",
            "ios": "4.11.0"
        },
        "mapbox:autocomposite": true,
        "mapbox:groups": {
            "Transit, transit-labels": {
                "name": "Transit, transit-labels",
                "collapsed": false
            },
            "Administrative boundaries, admin": {
                "name": "Administrative boundaries, admin",
                "collapsed": false
            },
            "Land & water, built": {
                "name": "Land & water, built",
                "collapsed": false
            },
            "Road network, bridges": {
                "name": "Road network, bridges",
                "collapsed": false
            },
            "37e6e4db9fc4641afa5b40dcfac183e8": {"name": "Recreational Group"},
            "Road network, tunnels": {
                "name": "Road network, tunnels",
                "collapsed": false
            },
            "Road network, road-labels": {
                "name": "Road network, road-labels",
                "collapsed": false
            },
            "Buildings, built": {
                "name": "Buildings, built",
                "collapsed": false
            },
            "Natural features, natural-labels": {
                "name": "Natural features, natural-labels",
                "collapsed": false
            },
            "Road network, surface": {
                "name": "Road network, surface",
                "collapsed": false
            },
            "Place labels, place-labels": {
                "name": "Place labels, place-labels",
                "collapsed": false
            },
            "Point of interest labels, poi-labels": {
                "name": "Point of interest labels, poi-labels",
                "collapsed": false
            },
            "Walking, cycling, etc., bridges": {
                "name": "Walking, cycling, etc., bridges",
                "collapsed": false
            },
            "Walking, cycling, etc., tunnels": {
                "name": "Walking, cycling, etc., tunnels",
                "collapsed": false
            },
            "Walking, cycling, etc., walking-cycling-labels": {
                "name": "Walking, cycling, etc., walking-cycling-labels",
                "collapsed": false
            },
            "Road network, bridges-case": {
                "name": "Road network, bridges-case",
                "collapsed": false
            },
            "Walking, cycling, etc., surface": {
                "name": "Walking, cycling, etc., surface",
                "collapsed": false
            },
            "Transit, built": {"name": "Transit, built", "collapsed": false},
            "Land & water, land-and-water": {
                "name": "Land & water, land-and-water",
                "collapsed": false
            }
        },
        "mapbox:uiParadigm": "layers",
        "mapbox:decompiler": {
            "id": "ck6mim7mr16gx1ipkotfrqq6q",
            "componentVersion": "0.4.1",
            "propConfig": {
                "road-network": {
                    "color-base": "hsl(40, 48%, 92%)",
                    "color-road": "hsl(38, 55%, 100%)",
                    "roadNetwork": "Simple"
                },
                "natural-features": {
                    "color-base": "hsl(40, 48%, 92%)",
                    "color-water": "hsl(205, 76%, 70%)",
                    "color-poi": "hsl(26, 20%, 38%)"
                },
                "place-labels": {
                    "color-base": "hsl(40, 48%, 92%)",
                    "color-place-label": "hsl(0, 0%, 15%)",
                    "settlementSubdivisionsDensity": 3,
                    "settlementLabelStyle": "Text only"
                },
                "admin-boundaries": {
                    "color-base": "hsl(40, 48%, 92%)",
                    "color-place-label": "hsl(0, 0%, 15%)"
                },
                "point-of-interest-labels": {
                    "color-base": "hsl(40, 48%, 92%)",
                    "color-greenspace": "hsl(78, 51%, 35%)",
                    "color-hospital": "hsla(40, 48%, 92%, 0)",
                    "color-school": "hsla(360, 45%, 45%, 0)",
                    "color-poi": "hsl(26, 20%, 38%)",
                    "density": 2,
                    "controlDensityByClass": false
                },
                "walking-cycling": {
                    "color-base": "hsl(40, 48%, 92%)",
                    "color-road": "hsl(38, 55%, 100%)",
                    "color-greenspace": "hsl(78, 51%, 35%)",
                    "walkingCyclingPisteBackground": false,
                    "golfHoleLabelLine": false,
                    "pedestrianPolygonFeatures": false
                },
                "transit": {
                    "color-airport": "hsl(225, 4%, 40%)",
                    "color-transit": "hsl(345, 6%, 40%)",
                    "aerialways": false,
                    "color-road": "hsl(38, 55%, 100%)",
                    "color-water": "hsl(205, 76%, 70%)",
                    "transitLabels": false,
                    "railways": false,
                    "ferries": false,
                    "color-base": "hsl(40, 48%, 92%)"
                },
                "land-and-water": {
                    "color-airport": "hsl(225, 4%, 40%)",
                    "color-hospital": "hsla(40, 48%, 92%, 0)",
                    "landcover": false,
                    "color-greenspace": "hsl(78, 51%, 35%)",
                    "color-water": "hsl(205, 76%, 70%)",
                    "transitionLandOnZoom": false,
                    "waterStyle": "Simple",
                    "color-base": "hsl(40, 48%, 92%)",
                    "color-school": "hsla(360, 45%, 45%, 0)"
                },
                "buildings": {
                    "color-base": "hsl(40, 48%, 92%)",
                    "houseNumbers": false
                }
            },
            "strata": [
                {
                    "id": "basic-v1",
                    "order": [
                        ["land-and-water", "land-and-water"],
                        ["land-and-water", "built"],
                        ["transit", "built"],
                        ["buildings", "built"],
                        ["road-network", "tunnels-case"],
                        ["walking-cycling", "tunnels"],
                        ["road-network", "tunnels"],
                        ["transit", "ferries"],
                        ["road-network", "surface-case"],
                        ["walking-cycling", "surface"],
                        ["road-network", "surface"],
                        ["transit", "surface"],
                        ["road-network", "surface-icons"],
                        ["road-network", "bridges-case"],
                        ["walking-cycling", "bridges"],
                        ["road-network", "bridges"],
                        ["transit", "bridges"],
                        ["road-network", "bridges-2"],
                        ["road-network", "traffic-and-closures"],
                        ["walking-cycling", "barriers"],
                        ["buildings", "extruded"],
                        ["transit", "elevated"],
                        ["admin-boundaries", "admin"],
                        ["buildings", "building-labels"],
                        ["road-network", "road-labels"],
                        ["transit", "ferry-aerialway-labels"],
                        ["walking-cycling", "walking-cycling-labels"],
                        ["natural-features", "natural-labels"],
                        "Public Art",
                        "Cultural Spaces",
                        ["point-of-interest-labels", "poi-labels"],
                        ["transit", "transit-labels"],
                        ["place-labels", "place-labels"]
                    ]
                }
            ],
            "components": {
                "road-network": "0.4.1",
                "natural-features": "0.4.1",
                "place-labels": "0.4.1",
                "admin-boundaries": "0.4.1",
                "point-of-interest-labels": "0.4.1",
                "walking-cycling": "0.4.1",
                "transit": "0.4.1",
                "land-and-water": "0.4.1",
                "buildings": "0.4.1"
            }
        }
    },
    "center": [-123.13099, 49.27132],
    "zoom": 12.36,
    "bearing": 0,
    "pitch": 0,
    "sources": {
        "composite": {
            "url": "mapbox://tristanl88.4wlccl4g,tristanl88.96vlb7xh,mapbox.mapbox-streets-v8",
            "type": "vector"
        }
    },
    "sprite": "mapbox://sprites/tristanl88/ck6mo98230lim1iql4dgvyj7t/9683ws849oa0sydez9t97t9k3",
    "glyphs": "mapbox://fonts/tristanl88/{fontstack}/{range}.pbf",
    "layers": [
        {
            "id": "land",
            "type": "background",
            "metadata": {
                "mapbox:featureComponent": "land-and-water",
                "mapbox:group": "Land & water, land-and-water"
            },
            "layout": {},
            "paint": {"background-color": "hsl(40, 46%, 86%)"}
        },
        {
            "id": "national-park",
            "type": "fill",
            "metadata": {
                "mapbox:featureComponent": "land-and-water",
                "mapbox:group": "Land & water, land-and-water"
            },
            "source": "composite",
            "source-layer": "landuse_overlay",
            "minzoom": 5,
            "filter": ["==", ["get", "class"], "national_park"],
            "layout": {},
            "paint": {
                "fill-color": "hsl(78, 50%, 73%)",
                "fill-opacity": [
                    "interpolate",
                    ["linear"],
                    ["zoom"],
                    5,
                    0,
                    6,
                    0.5,
                    10,
                    0.5
                ]
            }
        },
        {
            "id": "landuse",
            "type": "fill",
            "metadata": {
                "mapbox:featureComponent": "land-and-water",
                "mapbox:group": "Land & water, land-and-water"
            },
            "source": "composite",
            "source-layer": "landuse",
            "minzoom": 5,
            "filter": [
                "match",
                ["get", "class"],
                ["park", "airport", "glacier", "pitch", "sand"],
                true,
                "cemetery",
                true,
                "school",
                true,
                "hospital",
                true,
                false
            ],
            "layout": {},
            "paint": {
                "fill-color": [
                    "interpolate",
                    ["linear"],
                    ["zoom"],
                    15,
                    [
                        "match",
                        ["get", "class"],
                        "park",
                        "hsl(78, 50%, 73%)",
                        "airport",
                        "hsl(225, 49%, 88%)",
                        "cemetery",
                        "hsl(60, 49%, 77%)",
                        "glacier",
                        "hsl(205, 68%, 93%)",
                        "hospital",
                        "hsla(40, 48%, 84%, 0)",
                        "pitch",
                        "hsl(78, 50%, 68%)",
                        "sand",
                        "hsl(44, 50%, 83%)",
                        "school",
                        "hsla(0, 47%, 78%, 0)",
                        "hsl(40, 49%, 82%)"
                    ],
                    16,
                    [
                        "match",
                        ["get", "class"],
                        "park",
                        "hsl(78, 50%, 73%)",
                        "airport",
                        "hsl(225, 63%, 86%)",
                        "cemetery",
                        "hsl(60, 49%, 77%)",
                        "glacier",
                        "hsl(205, 68%, 93%)",
                        "hospital",
                        "hsla(40, 48%, 86%, 0)",
                        "pitch",
                        "hsl(78, 50%, 68%)",
                        "sand",
                        "hsl(44, 50%, 83%)",
                        "school",
                        "hsla(0, 47%, 78%, 0)",
                        "hsl(40, 49%, 82%)"
                    ]
                ],
                "fill-opacity": [
                    "interpolate",
                    ["linear"],
                    ["zoom"],
                    5,
                    0,
                    6,
                    ["match", ["get", "class"], "glacier", 0.5, 1]
                ]
            }
        },
        {
            "id": "pitch-outline",
            "type": "line",
            "metadata": {
                "mapbox:featureComponent": "land-and-water",
                "mapbox:group": "Land & water, land-and-water"
            },
            "source": "composite",
            "source-layer": "landuse",
            "minzoom": 15,
            "filter": ["==", ["get", "class"], "pitch"],
            "layout": {},
            "paint": {"line-color": "hsl(60, 29%, 81%)"}
        },
        {
            "id": "waterway",
            "type": "line",
            "metadata": {
                "mapbox:featureComponent": "land-and-water",
                "mapbox:group": "Land & water, land-and-water"
            },
            "source": "composite",
            "source-layer": "waterway",
            "minzoom": 8,
            "layout": {
                "line-cap": ["step", ["zoom"], "butt", 11, "round"],
                "line-join": "round"
            },
            "paint": {
                "line-color": "hsl(205, 76%, 70%)",
                "line-width": [
                    "interpolate",
                    ["exponential", 1.3],
                    ["zoom"],
                    9,
                    ["match", ["get", "class"], ["canal", "river"], 0.1, 0],
                    20,
                    ["match", ["get", "class"], ["canal", "river"], 8, 3]
                ],
                "line-opacity": [
                    "interpolate",
                    ["linear"],
                    ["zoom"],
                    8,
                    0,
                    8.5,
                    1
                ]
            }
        },
        {
            "id": "water",
            "type": "fill",
            "metadata": {
                "mapbox:featureComponent": "land-and-water",
                "mapbox:group": "Land & water, land-and-water"
            },
            "source": "composite",
            "source-layer": "water",
            "layout": {},
            "paint": {"fill-color": "hsl(205, 76%, 70%)"}
        },
        {
            "id": "land-structure-polygon",
            "type": "fill",
            "metadata": {
                "mapbox:featureComponent": "land-and-water",
                "mapbox:group": "Land & water, built"
            },
            "source": "composite",
            "source-layer": "structure",
            "minzoom": 13,
            "filter": [
                "all",
                ["==", ["geometry-type"], "Polygon"],
                ["==", ["get", "class"], "land"]
            ],
            "layout": {},
            "paint": {"fill-color": "hsl(40, 46%, 86%)"}
        },
        {
            "id": "land-structure-line",
            "type": "line",
            "metadata": {
                "mapbox:featureComponent": "land-and-water",
                "mapbox:group": "Land & water, built"
            },
            "source": "composite",
            "source-layer": "structure",
            "minzoom": 13,
            "filter": [
                "all",
                ["==", ["geometry-type"], "LineString"],
                ["==", ["get", "class"], "land"]
            ],
            "layout": {"line-cap": "round"},
            "paint": {
                "line-width": [
                    "interpolate",
                    ["exponential", 1.99],
                    ["zoom"],
                    14,
                    0.75,
                    20,
                    40
                ],
                "line-color": "hsl(40, 46%, 86%)"
            }
        },
        {
            "id": "aeroway-polygon",
            "type": "fill",
            "metadata": {
                "mapbox:featureComponent": "transit",
                "mapbox:group": "Transit, built"
            },
            "source": "composite",
            "source-layer": "aeroway",
            "minzoom": 11,
            "filter": [
                "all",
                ["==", ["geometry-type"], "Polygon"],
                [
                    "match",
                    ["get", "type"],
                    ["runway", "taxiway", "helipad"],
                    true,
                    false
                ]
            ],
            "layout": {},
            "paint": {
                "fill-color": [
                    "interpolate",
                    ["linear"],
                    ["zoom"],
                    15,
                    "hsl(225, 37%, 79%)",
                    16,
                    "hsl(225, 19%, 81%)"
                ],
                "fill-opacity": [
                    "interpolate",
                    ["linear"],
                    ["zoom"],
                    11,
                    0,
                    11.5,
                    1
                ]
            }
        },
        {
            "id": "aeroway-line",
            "type": "line",
            "metadata": {
                "mapbox:featureComponent": "transit",
                "mapbox:group": "Transit, built"
            },
            "source": "composite",
            "source-layer": "aeroway",
            "minzoom": 9,
            "filter": ["==", ["geometry-type"], "LineString"],
            "layout": {},
            "paint": {
                "line-color": [
                    "interpolate",
                    ["linear"],
                    ["zoom"],
                    15,
                    "hsl(225, 37%, 79%)",
                    16,
                    "hsl(225, 19%, 81%)"
                ],
                "line-width": [
                    "interpolate",
                    ["exponential", 1.5],
                    ["zoom"],
                    9,
                    ["match", ["get", "type"], "runway", 1, 0.5],
                    18,
                    ["match", ["get", "type"], "runway", 80, 20]
                ]
            }
        },
        {
            "id": "building-outline",
            "type": "line",
            "metadata": {
                "mapbox:featureComponent": "buildings",
                "mapbox:group": "Buildings, built"
            },
            "source": "composite",
            "source-layer": "building",
            "minzoom": 15,
            "filter": [
                "all",
                ["!=", ["get", "type"], "building:part"],
                ["==", ["get", "underground"], "false"]
            ],
            "layout": {},
            "paint": {
                "line-color": "hsl(40, 42%, 77%)",
                "line-width": [
                    "interpolate",
                    ["exponential", 1.5],
                    ["zoom"],
                    15,
                    0.75,
                    20,
                    3
                ],
                "line-opacity": [
                    "interpolate",
                    ["linear"],
                    ["zoom"],
                    15,
                    0,
                    16,
                    1
                ]
            }
        },
        {
            "id": "building",
            "type": "fill",
            "metadata": {
                "mapbox:featureComponent": "buildings",
                "mapbox:group": "Buildings, built"
            },
            "source": "composite",
            "source-layer": "building",
            "minzoom": 15,
            "filter": [
                "all",
                ["!=", ["get", "type"], "building:part"],
                ["==", ["get", "underground"], "false"]
            ],
            "layout": {},
            "paint": {
                "fill-color": [
                    "interpolate",
                    ["linear"],
                    ["zoom"],
                    15,
                    "hsl(40, 45%, 83%)",
                    16,
                    "hsl(40, 41%, 82%)"
                ],
                "fill-opacity": [
                    "interpolate",
                    ["linear"],
                    ["zoom"],
                    15,
                    0,
                    16,
                    1
                ],
                "fill-outline-color": "hsl(40, 42%, 77%)"
            }
        },
        {
            "id": "tunnel-path",
            "type": "line",
            "metadata": {
                "mapbox:featureComponent": "walking-cycling",
                "mapbox:group": "Walking, cycling, etc., tunnels"
            },
            "source": "composite",
            "source-layer": "road",
            "minzoom": 14,
            "filter": [
                "all",
                ["==", ["get", "structure"], "tunnel"],
                ["==", ["get", "class"], "path"],
                ["!=", ["get", "type"], "steps"],
                ["==", ["geometry-type"], "LineString"]
            ],
            "layout": {},
            "paint": {
                "line-width": [
                    "interpolate",
                    ["exponential", 1.5],
                    ["zoom"],
                    15,
                    1,
                    18,
                    4
                ],
                "line-color": "hsl(40, 42%, 77%)",
                "line-dasharray": [
                    "step",
                    ["zoom"],
                    ["literal", [1, 0]],
                    15,
                    ["literal", [1.75, 1]],
                    16,
                    ["literal", [1, 0.75]],
                    17,
                    ["literal", [1, 0.5]]
                ]
            }
        },
        {
            "id": "tunnel-steps",
            "type": "line",
            "metadata": {
                "mapbox:featureComponent": "walking-cycling",
                "mapbox:group": "Walking, cycling, etc., tunnels"
            },
            "source": "composite",
            "source-layer": "road",
            "minzoom": 14,
            "filter": [
                "all",
                ["==", ["get", "structure"], "tunnel"],
                ["==", ["get", "class"], "steps"],
                ["==", ["geometry-type"], "LineString"]
            ],
            "layout": {},
            "paint": {
                "line-width": [
                    "interpolate",
                    ["exponential", 1.5],
                    ["zoom"],
                    15,
                    1,
                    16,
                    1.6,
                    18,
                    6
                ],
                "line-color": "hsl(40, 42%, 77%)",
                "line-dasharray": [
                    "step",
                    ["zoom"],
                    ["literal", [1, 0]],
                    15,
                    ["literal", [1.75, 1]],
                    16,
                    ["literal", [1, 0.75]],
                    17,
                    ["literal", [0.3, 0.3]]
                ]
            }
        },
        {
            "id": "tunnel-pedestrian",
            "type": "line",
            "metadata": {
                "mapbox:featureComponent": "walking-cycling",
                "mapbox:group": "Walking, cycling, etc., tunnels"
            },
            "source": "composite",
            "source-layer": "road",
            "minzoom": 13,
            "filter": [
                "all",
                ["==", ["get", "structure"], "tunnel"],
                ["==", ["get", "class"], "pedestrian"],
                ["==", ["geometry-type"], "LineString"]
            ],
            "layout": {},
            "paint": {
                "line-width": [
                    "interpolate",
                    ["exponential", 1.5],
                    ["zoom"],
                    14,
                    0.5,
                    18,
                    12
                ],
                "line-color": "hsl(40, 42%, 77%)",
                "line-dasharray": [
                    "step",
                    ["zoom"],
                    ["literal", [1, 0]],
                    15,
                    ["literal", [1.5, 0.4]],
                    16,
                    ["literal", [1, 0.2]]
                ]
            }
        },
        {
            "id": "tunnel-simple",
            "type": "line",
            "metadata": {
                "mapbox:featureComponent": "road-network",
                "mapbox:group": "Road network, tunnels"
            },
            "source": "composite",
            "source-layer": "road",
            "minzoom": 13,
            "filter": [
                "all",
                ["==", ["get", "structure"], "tunnel"],
                [
                    "step",
                    ["zoom"],
                    [
                        "match",
                        ["get", "class"],
                        [
                            "motorway",
                            "motorway_link",
                            "trunk",
                            "trunk_link",
                            "primary",
                            "secondary",
                            "tertiary",
                            "street",
                            "street_limited",
                            "primary_link",
                            "track"
                        ],
                        true,
                        false
                    ],
                    14,
                    [
                        "match",
                        ["get", "class"],
                        [
                            "motorway",
                            "motorway_link",
                            "trunk",
                            "trunk_link",
                            "primary",
                            "primary_link",
                            "secondary",
                            "secondary_link",
                            "tertiary",
                            "tertiary_link",
                            "street",
                            "street_limited",
                            "service",
                            "track"
                        ],
                        true,
                        false
                    ]
                ],
                ["==", ["geometry-type"], "LineString"]
            ],
            "layout": {},
            "paint": {
                "line-width": [
                    "interpolate",
                    ["exponential", 1.5],
                    ["zoom"],
                    13,
                    [
                        "match",
                        ["get", "class"],
                        ["motorway", "trunk", "primary"],
                        4,
                        ["secondary", "tertiary"],
                        2.5,
                        [
                            "motorway_link",
                            "trunk_link",
                            "street",
                            "street_limited",
                            "primary_link"
                        ],
                        1,
                        0.5
                    ],
                    18,
                    [
                        "match",
                        ["get", "class"],
                        ["motorway", "trunk", "primary"],
                        32,
                        ["secondary", "tertiary"],
                        26,
                        [
                            "motorway_link",
                            "trunk_link",
                            "street",
                            "street_limited",
                            "primary_link"
                        ],
                        18,
                        12
                    ]
                ],
                "line-color": "hsl(38, 55%, 93%)"
            }
        },
        {
            "id": "road-path",
            "type": "line",
            "metadata": {
                "mapbox:featureComponent": "walking-cycling",
                "mapbox:group": "Walking, cycling, etc., surface"
            },
            "source": "composite",
            "source-layer": "road",
            "minzoom": 12,
            "filter": [
                "all",
                ["==", ["get", "class"], "path"],
                [
                    "step",
                    ["zoom"],
                    [
                        "!",
                        [
                            "match",
                            ["get", "type"],
                            ["steps", "sidewalk", "crossing"],
                            true,
                            false
                        ]
                    ],
                    16,
                    ["!=", ["get", "type"], "steps"]
                ],
                ["match", ["get", "structure"], ["none", "ford"], true, false],
                ["==", ["geometry-type"], "LineString"]
            ],
            "layout": {"line-join": ["step", ["zoom"], "miter", 14, "round"]},
            "paint": {
                "line-width": [
                    "interpolate",
                    ["exponential", 1.5],
                    ["zoom"],
                    13,
                    0.5,
                    14,
                    1,
                    15,
                    1,
                    18,
                    4
                ],
                "line-color": "hsl(40, 47%, 96%)",
                "line-dasharray": [
                    "step",
                    ["zoom"],
                    ["literal", [1, 0]],
                    15,
                    ["literal", [1.75, 1]],
                    16,
                    ["literal", [1, 0.75]],
                    17,
                    ["literal", [1, 0.5]]
                ]
            }
        },
        {
            "id": "road-steps",
            "type": "line",
            "metadata": {
                "mapbox:featureComponent": "walking-cycling",
                "mapbox:group": "Walking, cycling, etc., surface"
            },
            "source": "composite",
            "source-layer": "road",
            "minzoom": 14,
            "filter": [
                "all",
                ["==", ["get", "type"], "steps"],
                ["match", ["get", "structure"], ["none", "ford"], true, false],
                ["==", ["geometry-type"], "LineString"]
            ],
            "layout": {"line-join": "round"},
            "paint": {
                "line-width": [
                    "interpolate",
                    ["exponential", 1.5],
                    ["zoom"],
                    15,
                    1,
                    16,
                    1.6,
                    18,
                    6
                ],
                "line-color": "hsl(40, 47%, 96%)",
                "line-dasharray": [
                    "step",
                    ["zoom"],
                    ["literal", [1, 0]],
                    15,
                    ["literal", [1.75, 1]],
                    16,
                    ["literal", [1, 0.75]],
                    17,
                    ["literal", [0.3, 0.3]]
                ]
            }
        },
        {
            "id": "road-pedestrian",
            "type": "line",
            "metadata": {
                "mapbox:featureComponent": "walking-cycling",
                "mapbox:group": "Walking, cycling, etc., surface"
            },
            "source": "composite",
            "source-layer": "road",
            "minzoom": 12,
            "filter": [
                "all",
                ["==", ["get", "class"], "pedestrian"],
                ["match", ["get", "structure"], ["none", "ford"], true, false],
                ["==", ["geometry-type"], "LineString"]
            ],
            "layout": {"line-join": ["step", ["zoom"], "miter", 14, "round"]},
            "paint": {
                "line-width": [
                    "interpolate",
                    ["exponential", 1.5],
                    ["zoom"],
                    14,
                    0.5,
                    18,
                    12
                ],
                "line-color": "hsl(40, 47%, 96%)",
                "line-dasharray": [
                    "step",
                    ["zoom"],
                    ["literal", [1, 0]],
                    15,
                    ["literal", [1.5, 0.4]],
                    16,
                    ["literal", [1, 0.2]]
                ]
            }
        },
        {
            "id": "road-simple",
            "type": "line",
            "metadata": {
                "mapbox:featureComponent": "road-network",
                "mapbox:group": "Road network, surface"
            },
            "source": "composite",
            "source-layer": "road",
            "minzoom": 5,
            "filter": [
                "all",
                [
                    "step",
                    ["zoom"],
                    [
                        "match",
                        ["get", "class"],
                        ["motorway", "trunk"],
                        true,
                        false
                    ],
                    6,
                    [
                        "match",
                        ["get", "class"],
                        ["motorway", "trunk", "primary"],
                        true,
                        false
                    ],
                    8,
                    [
                        "match",
                        ["get", "class"],
                        ["motorway", "trunk", "primary", "secondary"],
                        true,
                        false
                    ],
                    10,
                    [
                        "match",
                        ["get", "class"],
                        [
                            "motorway",
                            "trunk",
                            "primary",
                            "secondary",
                            "tertiary",
                            "motorway_link",
                            "trunk_link"
                        ],
                        true,
                        false
                    ],
                    11,
                    [
                        "match",
                        ["get", "class"],
                        [
                            "motorway",
                            "motorway_link",
                            "trunk",
                            "trunk_link",
                            "primary",
                            "secondary",
                            "tertiary",
                            "street"
                        ],
                        true,
                        false
                    ],
                    12,
                    [
                        "match",
                        ["get", "class"],
                        [
                            "motorway",
                            "motorway_link",
                            "trunk",
                            "trunk_link",
                            "primary",
                            "secondary",
                            "tertiary",
                            "street",
                            "street_limited",
                            "primary_link"
                        ],
                        true,
                        false
                    ],
                    13,
                    [
                        "match",
                        ["get", "class"],
                        [
                            "motorway",
                            "motorway_link",
                            "trunk",
                            "trunk_link",
                            "primary",
                            "secondary",
                            "tertiary",
                            "street",
                            "street_limited",
                            "primary_link",
                            "track"
                        ],
                        true,
                        false
                    ],
                    14,
                    [
                        "match",
                        ["get", "class"],
                        [
                            "motorway",
                            "motorway_link",
                            "trunk",
                            "trunk_link",
                            "primary",
                            "primary_link",
                            "secondary",
                            "secondary_link",
                            "tertiary",
                            "tertiary_link",
                            "street",
                            "street_limited",
                            "service",
                            "track"
                        ],
                        true,
                        false
                    ]
                ],
                ["match", ["get", "structure"], ["none", "ford"], true, false],
                ["==", ["geometry-type"], "LineString"]
            ],
            "layout": {
                "line-cap": ["step", ["zoom"], "butt", 14, "round"],
                "line-join": ["step", ["zoom"], "miter", 14, "round"]
            },
            "paint": {
                "line-width": [
                    "interpolate",
                    ["exponential", 1.5],
                    ["zoom"],
                    5,
                    [
                        "match",
                        ["get", "class"],
                        ["motorway", "trunk", "primary"],
                        0.75,
                        ["secondary", "tertiary"],
                        0.1,
                        0
                    ],
                    13,
                    [
                        "match",
                        ["get", "class"],
                        ["motorway", "trunk", "primary"],
                        4,
                        ["secondary", "tertiary"],
                        2.5,
                        [
                            "motorway_link",
                            "trunk_link",
                            "primary_link",
                            "street",
                            "street_limited"
                        ],
                        1,
                        0.5
                    ],
                    18,
                    [
                        "match",
                        ["get", "class"],
                        ["motorway", "trunk", "primary"],
                        32,
                        ["secondary", "tertiary"],
                        26,
                        [
                            "motorway_link",
                            "trunk_link",
                            "primary_link",
                            "street",
                            "street_limited"
                        ],
                        18,
                        10
                    ]
                ],
                "line-color": [
                    "match",
                    ["get", "class"],
                    [
                        "primary_link",
                        "secondary_link",
                        "tertiary_link",
                        "street",
                        "street_limited",
                        "service",
                        "track"
                    ],
                    "hsl(38, 55%, 95%)",
                    "hsl(38, 55%, 100%)"
                ]
            }
        },
        {
            "id": "bridge-case-simple",
            "type": "line",
            "metadata": {
                "mapbox:featureComponent": "road-network",
                "mapbox:group": "Road network, bridges-case"
            },
            "source": "composite",
            "source-layer": "road",
            "minzoom": 13,
            "filter": [
                "all",
                ["==", ["get", "structure"], "bridge"],
                [
                    "step",
                    ["zoom"],
                    [
                        "match",
                        ["get", "class"],
                        [
                            "motorway",
                            "motorway_link",
                            "trunk",
                            "trunk_link",
                            "primary",
                            "secondary",
                            "tertiary",
                            "street",
                            "street_limited",
                            "primary_link",
                            "track"
                        ],
                        true,
                        false
                    ],
                    14,
                    [
                        "match",
                        ["get", "class"],
                        [
                            "motorway",
                            "motorway_link",
                            "trunk",
                            "trunk_link",
                            "primary",
                            "primary_link",
                            "secondary",
                            "secondary_link",
                            "tertiary",
                            "tertiary_link",
                            "street",
                            "street_limited",
                            "service",
                            "track"
                        ],
                        true,
                        false
                    ]
                ],
                ["==", ["geometry-type"], "LineString"]
            ],
            "layout": {"line-join": ["step", ["zoom"], "miter", 14, "round"]},
            "paint": {
                "line-width": [
                    "interpolate",
                    ["exponential", 1.5],
                    ["zoom"],
                    13,
                    [
                        "match",
                        ["get", "class"],
                        ["motorway", "trunk", "primary"],
                        6,
                        ["secondary", "tertiary"],
                        4,
                        [
                            "motorway_link",
                            "trunk_link",
                            "street",
                            "street_limited",
                            "primary_link"
                        ],
                        2.5,
                        1.25
                    ],
                    18,
                    [
                        "match",
                        ["get", "class"],
                        ["motorway", "trunk", "primary"],
                        36,
                        ["secondary", "tertiary"],
                        30,
                        [
                            "motorway_link",
                            "trunk_link",
                            "street",
                            "street_limited",
                            "primary_link"
                        ],
                        22,
                        16
                    ]
                ],
                "line-color": "hsl(40, 46%, 86%)"
            }
        },
        {
            "id": "bridge-path",
            "type": "line",
            "metadata": {
                "mapbox:featureComponent": "walking-cycling",
                "mapbox:group": "Walking, cycling, etc., bridges"
            },
            "source": "composite",
            "source-layer": "road",
            "minzoom": 14,
            "filter": [
                "all",
                ["==", ["get", "structure"], "bridge"],
                ["==", ["get", "class"], "path"],
                ["==", ["geometry-type"], "LineString"],
                ["!=", ["get", "type"], "steps"]
            ],
            "layout": {"line-join": "round"},
            "paint": {
                "line-width": [
                    "interpolate",
                    ["exponential", 1.5],
                    ["zoom"],
                    15,
                    1,
                    18,
                    4
                ],
                "line-color": "hsl(40, 47%, 96%)",
                "line-dasharray": [
                    "step",
                    ["zoom"],
                    ["literal", [1, 0]],
                    15,
                    ["literal", [1.75, 1]],
                    16,
                    ["literal", [1, 0.75]],
                    17,
                    ["literal", [1, 0.5]]
                ]
            }
        },
        {
            "id": "bridge-steps",
            "type": "line",
            "metadata": {
                "mapbox:featureComponent": "walking-cycling",
                "mapbox:group": "Walking, cycling, etc., bridges"
            },
            "source": "composite",
            "source-layer": "road",
            "minzoom": 14,
            "filter": [
                "all",
                ["==", ["get", "type"], "steps"],
                ["==", ["get", "structure"], "bridge"],
                ["==", ["geometry-type"], "LineString"]
            ],
            "layout": {"line-join": "round"},
            "paint": {
                "line-width": [
                    "interpolate",
                    ["exponential", 1.5],
                    ["zoom"],
                    15,
                    1,
                    16,
                    1.6,
                    18,
                    6
                ],
                "line-color": "hsl(40, 47%, 96%)",
                "line-dasharray": [
                    "step",
                    ["zoom"],
                    ["literal", [1, 0]],
                    15,
                    ["literal", [1.75, 1]],
                    16,
                    ["literal", [1, 0.75]],
                    17,
                    ["literal", [0.3, 0.3]]
                ]
            }
        },
        {
            "id": "bridge-pedestrian",
            "type": "line",
            "metadata": {
                "mapbox:featureComponent": "walking-cycling",
                "mapbox:group": "Walking, cycling, etc., bridges"
            },
            "source": "composite",
            "source-layer": "road",
            "minzoom": 13,
            "filter": [
                "all",
                ["==", ["get", "structure"], "bridge"],
                ["==", ["get", "class"], "pedestrian"],
                ["==", ["geometry-type"], "LineString"]
            ],
            "layout": {"line-join": "round"},
            "paint": {
                "line-width": [
                    "interpolate",
                    ["exponential", 1.5],
                    ["zoom"],
                    14,
                    0.5,
                    18,
                    12
                ],
                "line-color": "hsl(40, 47%, 96%)",
                "line-dasharray": [
                    "step",
                    ["zoom"],
                    ["literal", [1, 0]],
                    15,
                    ["literal", [1.5, 0.4]],
                    16,
                    ["literal", [1, 0.2]]
                ]
            }
        },
        {
            "id": "bridge-simple",
            "type": "line",
            "metadata": {
                "mapbox:featureComponent": "road-network",
                "mapbox:group": "Road network, bridges"
            },
            "source": "composite",
            "source-layer": "road",
            "minzoom": 13,
            "filter": [
                "all",
                ["==", ["get", "structure"], "bridge"],
                [
                    "step",
                    ["zoom"],
                    [
                        "match",
                        ["get", "class"],
                        ["motorway", "trunk"],
                        true,
                        false
                    ],
                    13,
                    [
                        "match",
                        ["get", "class"],
                        [
                            "motorway",
                            "motorway_link",
                            "trunk",
                            "trunk_link",
                            "primary",
                            "secondary",
                            "tertiary",
                            "street",
                            "street_limited",
                            "primary_link",
                            "track"
                        ],
                        true,
                        false
                    ],
                    14,
                    [
                        "match",
                        ["get", "class"],
                        [
                            "motorway",
                            "motorway_link",
                            "trunk",
                            "trunk_link",
                            "primary",
                            "primary_link",
                            "secondary",
                            "secondary_link",
                            "tertiary",
                            "tertiary_link",
                            "street",
                            "street_limited",
                            "service",
                            "track"
                        ],
                        true,
                        false
                    ]
                ],
                ["==", ["geometry-type"], "LineString"]
            ],
            "layout": {
                "line-cap": ["step", ["zoom"], "butt", 14, "round"],
                "line-join": ["step", ["zoom"], "miter", 14, "round"]
            },
            "paint": {
                "line-width": [
                    "interpolate",
                    ["exponential", 1.5],
                    ["zoom"],
                    13,
                    [
                        "match",
                        ["get", "class"],
                        ["motorway", "trunk", "primary"],
                        4,
                        ["secondary", "tertiary"],
                        2.5,
                        [
                            "motorway_link",
                            "trunk_link",
                            "street",
                            "street_limited",
                            "primary_link"
                        ],
                        1,
                        0.5
                    ],
                    18,
                    [
                        "match",
                        ["get", "class"],
                        ["motorway", "trunk", "primary"],
                        32,
                        ["secondary", "tertiary"],
                        26,
                        [
                            "motorway_link",
                            "trunk_link",
                            "street",
                            "street_limited",
                            "primary_link"
                        ],
                        18,
                        12
                    ]
                ],
                "line-color": [
                    "match",
                    ["get", "class"],
                    [
                        "primary_link",
                        "secondary_link",
                        "tertiary_link",
                        "street",
                        "street_limited",
                        "service",
                        "track"
                    ],
                    "hsl(38, 55%, 95%)",
                    "hsl(38, 55%, 100%)"
                ]
            }
        },
        {
            "id": "admin-1-boundary-bg",
            "type": "line",
            "metadata": {
                "mapbox:featureComponent": "admin-boundaries",
                "mapbox:group": "Administrative boundaries, admin"
            },
            "source": "composite",
            "source-layer": "admin",
            "filter": [
                "all",
                ["==", ["get", "admin_level"], 1],
                ["==", ["get", "maritime"], "false"],
                ["match", ["get", "worldview"], ["all", "US"], true, false]
            ],
            "layout": {"line-join": "bevel"},
            "paint": {
                "line-color": [
                    "interpolate",
                    ["linear"],
                    ["zoom"],
                    8,
                    "hsl(40, 46%, 86%)",
                    16,
                    "hsl(0, 0%, 87%)"
                ],
                "line-width": [
                    "interpolate",
                    ["linear"],
                    ["zoom"],
                    7,
                    3.75,
                    12,
                    5.5
                ],
                "line-opacity": [
                    "interpolate",
                    ["linear"],
                    ["zoom"],
                    7,
                    0,
                    8,
                    0.75
                ],
                "line-dasharray": [1, 0],
                "line-translate": [0, 0],
                "line-blur": ["interpolate", ["linear"], ["zoom"], 3, 0, 8, 3]
            }
        },
        {
            "id": "admin-0-boundary-bg",
            "type": "line",
            "metadata": {
                "mapbox:featureComponent": "admin-boundaries",
                "mapbox:group": "Administrative boundaries, admin"
            },
            "source": "composite",
            "source-layer": "admin",
            "minzoom": 1,
            "filter": [
                "all",
                ["==", ["get", "admin_level"], 0],
                ["==", ["get", "maritime"], "false"],
                ["match", ["get", "worldview"], ["all", "US"], true, false]
            ],
            "layout": {},
            "paint": {
                "line-width": [
                    "interpolate",
                    ["linear"],
                    ["zoom"],
                    3,
                    3.5,
                    10,
                    8
                ],
                "line-color": [
                    "interpolate",
                    ["linear"],
                    ["zoom"],
                    6,
                    "hsl(40, 46%, 86%)",
                    8,
                    "hsl(0, 0%, 87%)"
                ],
                "line-opacity": [
                    "interpolate",
                    ["linear"],
                    ["zoom"],
                    3,
                    0,
                    4,
                    0.5
                ],
                "line-translate": [0, 0],
                "line-blur": ["interpolate", ["linear"], ["zoom"], 3, 0, 10, 2]
            }
        },
        {
            "id": "admin-1-boundary",
            "type": "line",
            "metadata": {
                "mapbox:featureComponent": "admin-boundaries",
                "mapbox:group": "Administrative boundaries, admin"
            },
            "source": "composite",
            "source-layer": "admin",
            "filter": [
                "all",
                ["==", ["get", "admin_level"], 1],
                ["==", ["get", "maritime"], "false"],
                ["match", ["get", "worldview"], ["all", "US"], true, false]
            ],
            "layout": {"line-join": "round", "line-cap": "round"},
            "paint": {
                "line-dasharray": [
                    "step",
                    ["zoom"],
                    ["literal", [2, 0]],
                    7,
                    ["literal", [2, 2, 6, 2]]
                ],
                "line-width": [
                    "interpolate",
                    ["linear"],
                    ["zoom"],
                    7,
                    0.75,
                    12,
                    1.5
                ],
                "line-opacity": [
                    "interpolate",
                    ["linear"],
                    ["zoom"],
                    2,
                    0,
                    3,
                    1
                ],
                "line-color": [
                    "interpolate",
                    ["linear"],
                    ["zoom"],
                    3,
                    "hsl(0, 0%, 77%)",
                    7,
                    "hsl(0, 0%, 62%)"
                ]
            }
        },
        {
            "id": "admin-0-boundary",
            "type": "line",
            "metadata": {
                "mapbox:featureComponent": "admin-boundaries",
                "mapbox:group": "Administrative boundaries, admin"
            },
            "source": "composite",
            "source-layer": "admin",
            "minzoom": 1,
            "filter": [
                "all",
                ["==", ["get", "admin_level"], 0],
                ["==", ["get", "disputed"], "false"],
                ["==", ["get", "maritime"], "false"],
                ["match", ["get", "worldview"], ["all", "US"], true, false]
            ],
            "layout": {"line-join": "round", "line-cap": "round"},
            "paint": {
                "line-color": "hsl(0, 0%, 51%)",
                "line-width": [
                    "interpolate",
                    ["linear"],
                    ["zoom"],
                    3,
                    0.5,
                    10,
                    2
                ],
                "line-dasharray": [10, 0]
            }
        },
        {
            "id": "admin-0-boundary-disputed",
            "type": "line",
            "metadata": {
                "mapbox:featureComponent": "admin-boundaries",
                "mapbox:group": "Administrative boundaries, admin"
            },
            "source": "composite",
            "source-layer": "admin",
            "minzoom": 1,
            "filter": [
                "all",
                ["==", ["get", "disputed"], "true"],
                ["==", ["get", "admin_level"], 0],
                ["==", ["get", "maritime"], "false"],
                ["match", ["get", "worldview"], ["all", "US"], true, false]
            ],
            "layout": {"line-join": "round"},
            "paint": {
                "line-color": "hsl(0, 0%, 51%)",
                "line-width": [
                    "interpolate",
                    ["linear"],
                    ["zoom"],
                    3,
                    0.5,
                    10,
                    2
                ],
                "line-dasharray": [
                    "step",
                    ["zoom"],
                    ["literal", [3.25, 3.25]],
                    6,
                    ["literal", [2.5, 2.5]],
                    7,
                    ["literal", [2, 2.25]],
                    8,
                    ["literal", [1.75, 2]]
                ]
            }
        },
        {
            "id": "road-label-simple",
            "type": "symbol",
            "metadata": {
                "mapbox:featureComponent": "road-network",
                "mapbox:group": "Road network, road-labels"
            },
            "source": "composite",
            "source-layer": "road",
            "minzoom": 12,
            "filter": [
                "match",
                ["get", "class"],
                [
                    "motorway",
                    "trunk",
                    "primary",
                    "secondary",
                    "tertiary",
                    "street",
                    "street_limited"
                ],
                true,
                false
            ],
            "layout": {
                "text-size": [
                    "interpolate",
                    ["linear"],
                    ["zoom"],
                    10,
                    [
                        "match",
                        ["get", "class"],
                        [
                            "motorway",
                            "trunk",
                            "primary",
                            "secondary",
                            "tertiary"
                        ],
                        10,
                        9
                    ],
                    18,
                    [
                        "match",
                        ["get", "class"],
                        [
                            "motorway",
                            "trunk",
                            "primary",
                            "secondary",
                            "tertiary"
                        ],
                        16,
                        14
                    ]
                ],
                "text-max-angle": 30,
                "text-font": ["DIN Pro Regular", "Arial Unicode MS Regular"],
                "symbol-placement": "line",
                "text-padding": 1,
                "text-rotation-alignment": "map",
                "text-pitch-alignment": "viewport",
                "text-field": ["coalesce", ["get", "name_en"], ["get", "name"]],
                "text-letter-spacing": 0.01
            },
            "paint": {
                "text-color": "hsl(40, 47%, 41%)",
                "text-halo-color": "hsl(38, 55%, 100%)",
                "text-halo-width": 1
            }
        },
        {
            "id": "path-pedestrian-label",
            "type": "symbol",
            "metadata": {
                "mapbox:featureComponent": "walking-cycling",
                "mapbox:group": "Walking, cycling, etc., walking-cycling-labels"
            },
            "source": "composite",
            "source-layer": "road",
            "minzoom": 12,
            "filter": [
                "step",
                ["zoom"],
                ["match", ["get", "class"], ["pedestrian"], true, false],
                15,
                ["match", ["get", "class"], ["path", "pedestrian"], true, false]
            ],
            "layout": {
                "text-size": [
                    "interpolate",
                    ["linear"],
                    ["zoom"],
                    10,
                    ["match", ["get", "class"], "pedestrian", 9, 6.5],
                    18,
                    ["match", ["get", "class"], "pedestrian", 14, 13]
                ],
                "text-max-angle": 30,
                "text-font": ["DIN Pro Regular", "Arial Unicode MS Regular"],
                "symbol-placement": "line",
                "text-padding": 1,
                "text-rotation-alignment": "map",
                "text-pitch-alignment": "viewport",
                "text-field": ["coalesce", ["get", "name_en"], ["get", "name"]],
                "text-letter-spacing": 0.01
            },
            "paint": {
                "text-color": "hsl(40, 47%, 41%)",
                "text-halo-color": "hsl(40, 46%, 95%)",
                "text-halo-width": 1,
                "text-halo-blur": 1
            }
        },
        {
            "id": "waterway-label",
            "type": "symbol",
            "metadata": {
                "mapbox:featureComponent": "natural-features",
                "mapbox:group": "Natural features, natural-labels"
            },
            "source": "composite",
            "source-layer": "natural_label",
            "minzoom": 13,
            "filter": [
                "all",
                [
                    "match",
                    ["get", "class"],
                    ["canal", "river", "stream"],
                    true,
                    false
                ],
                ["==", ["geometry-type"], "LineString"]
            ],
            "layout": {
                "text-font": ["DIN Pro Italic", "Arial Unicode MS Regular"],
                "text-max-angle": 30,
                "symbol-spacing": [
                    "interpolate",
                    ["linear", 1],
                    ["zoom"],
                    15,
                    250,
                    17,
                    400
                ],
                "text-size": [
                    "interpolate",
                    ["linear"],
                    ["zoom"],
                    13,
                    12,
                    18,
                    16
                ],
                "symbol-placement": "line",
                "text-pitch-alignment": "viewport",
                "text-field": ["coalesce", ["get", "name_en"], ["get", "name"]]
            },
            "paint": {"text-color": "hsl(239, 44%, 90%)"}
        },
        {
            "id": "natural-line-label",
            "type": "symbol",
            "metadata": {
                "mapbox:featureComponent": "natural-features",
                "mapbox:group": "Natural features, natural-labels"
            },
            "source": "composite",
            "source-layer": "natural_label",
            "minzoom": 4,
            "filter": [
                "all",
                [
                    "match",
                    ["get", "class"],
                    ["glacier", "landform"],
                    true,
                    false
                ],
                ["==", ["geometry-type"], "LineString"],
                ["<=", ["get", "filterrank"], 2]
            ],
            "layout": {
                "text-size": [
                    "step",
                    ["zoom"],
                    ["step", ["get", "sizerank"], 18, 5, 12],
                    17,
                    ["step", ["get", "sizerank"], 18, 13, 12]
                ],
                "text-max-angle": 30,
                "text-field": ["coalesce", ["get", "name_en"], ["get", "name"]],
                "text-font": ["DIN Pro Medium", "Arial Unicode MS Regular"],
                "symbol-placement": "line-center",
                "text-pitch-alignment": "viewport"
            },
            "paint": {
                "text-halo-width": 0.5,
                "text-halo-color": "hsl(40, 53%, 100%)",
                "text-halo-blur": 0.5,
                "text-color": [
                    "step",
                    ["zoom"],
                    [
                        "step",
                        ["get", "sizerank"],
                        "hsl(26, 15%, 48%)",
                        5,
                        "hsl(26, 20%, 38%)"
                    ],
                    17,
                    [
                        "step",
                        ["get", "sizerank"],
                        "hsl(26, 15%, 48%)",
                        13,
                        "hsl(26, 20%, 38%)"
                    ]
                ]
            }
        },
        {
            "id": "natural-point-label",
            "type": "symbol",
            "metadata": {
                "mapbox:featureComponent": "natural-features",
                "mapbox:group": "Natural features, natural-labels"
            },
            "source": "composite",
            "source-layer": "natural_label",
            "minzoom": 4,
            "filter": [
                "all",
                [
                    "match",
                    ["get", "class"],
                    ["dock", "glacier", "landform", "water_feature", "wetland"],
                    true,
                    false
                ],
                ["==", ["geometry-type"], "Point"],
                ["<=", ["get", "filterrank"], 2]
            ],
            "layout": {
                "text-size": [
                    "step",
                    ["zoom"],
                    ["step", ["get", "sizerank"], 18, 5, 12],
                    17,
                    ["step", ["get", "sizerank"], 18, 13, 12]
                ],
                "icon-image": [
                    "step",
                    ["zoom"],
                    ["concat", ["get", "maki"], "-11"],
                    15,
                    ["concat", ["get", "maki"], "-15"]
                ],
                "text-font": ["DIN Pro Medium", "Arial Unicode MS Regular"],
                "text-offset": [
                    "step",
                    ["zoom"],
                    [
                        "step",
                        ["get", "sizerank"],
                        ["literal", [0, 0]],
                        5,
                        ["literal", [0, 0.75]]
                    ],
                    17,
                    [
                        "step",
                        ["get", "sizerank"],
                        ["literal", [0, 0]],
                        13,
                        ["literal", [0, 0.75]]
                    ]
                ],
                "text-anchor": [
                    "step",
                    ["zoom"],
                    ["step", ["get", "sizerank"], "center", 5, "top"],
                    17,
                    ["step", ["get", "sizerank"], "center", 13, "top"]
                ],
                "text-field": ["coalesce", ["get", "name_en"], ["get", "name"]]
            },
            "paint": {
                "icon-opacity": [
                    "step",
                    ["zoom"],
                    ["step", ["get", "sizerank"], 0, 5, 1],
                    17,
                    ["step", ["get", "sizerank"], 0, 13, 1]
                ],
                "text-halo-color": "hsl(40, 53%, 100%)",
                "text-halo-width": 0.5,
                "text-halo-blur": 0.5,
                "text-color": [
                    "step",
                    ["zoom"],
                    [
                        "step",
                        ["get", "sizerank"],
                        "hsl(26, 15%, 48%)",
                        5,
                        "hsl(26, 20%, 38%)"
                    ],
                    17,
                    [
                        "step",
                        ["get", "sizerank"],
                        "hsl(26, 15%, 48%)",
                        13,
                        "hsl(26, 20%, 38%)"
                    ]
                ]
            }
        },
        {
            "id": "water-line-label",
            "type": "symbol",
            "metadata": {
                "mapbox:featureComponent": "natural-features",
                "mapbox:group": "Natural features, natural-labels"
            },
            "source": "composite",
            "source-layer": "natural_label",
            "filter": [
                "all",
                [
                    "match",
                    ["get", "class"],
                    ["bay", "ocean", "reservoir", "sea", "water"],
                    true,
                    false
                ],
                ["==", ["geometry-type"], "LineString"]
            ],
            "layout": {
                "text-size": [
                    "interpolate",
                    ["linear"],
                    ["zoom"],
                    7,
                    ["step", ["get", "sizerank"], 24, 6, 18, 12, 12],
                    10,
                    ["step", ["get", "sizerank"], 18, 9, 12],
                    18,
                    ["step", ["get", "sizerank"], 18, 9, 16]
                ],
                "text-max-angle": 30,
                "text-letter-spacing": [
                    "match",
                    ["get", "class"],
                    "ocean",
                    0.25,
                    ["sea", "bay"],
                    0.15,
                    0
                ],
                "text-font": ["DIN Pro Italic", "Arial Unicode MS Regular"],
                "symbol-placement": "line-center",
                "text-pitch-alignment": "viewport",
                "text-field": ["coalesce", ["get", "name_en"], ["get", "name"]]
            },
            "paint": {
                "text-color": [
                    "match",
                    ["get", "class"],
                    ["bay", "ocean", "sea"],
                    "hsl(214, 80%, 90%)",
                    "hsl(239, 44%, 90%)"
                ]
            }
        },
        {
            "id": "water-point-label",
            "type": "symbol",
            "metadata": {
                "mapbox:featureComponent": "natural-features",
                "mapbox:group": "Natural features, natural-labels"
            },
            "source": "composite",
            "source-layer": "natural_label",
            "filter": [
                "all",
                [
                    "match",
                    ["get", "class"],
                    ["bay", "ocean", "reservoir", "sea", "water"],
                    true,
                    false
                ],
                ["==", ["geometry-type"], "Point"]
            ],
            "layout": {
                "text-line-height": 1.3,
                "text-size": [
                    "interpolate",
                    ["linear"],
                    ["zoom"],
                    7,
                    ["step", ["get", "sizerank"], 24, 6, 18, 12, 12],
                    10,
                    ["step", ["get", "sizerank"], 18, 9, 12]
                ],
                "text-font": ["DIN Pro Italic", "Arial Unicode MS Regular"],
                "text-field": ["coalesce", ["get", "name_en"], ["get", "name"]],
                "text-letter-spacing": [
                    "match",
                    ["get", "class"],
                    "ocean",
                    0.25,
                    ["bay", "sea"],
                    0.15,
                    0.01
                ],
                "text-max-width": [
                    "match",
                    ["get", "class"],
                    "ocean",
                    4,
                    "sea",
                    5,
                    ["bay", "water"],
                    7,
                    10
                ]
            },
            "paint": {
                "text-color": [
                    "match",
                    ["get", "class"],
                    ["bay", "ocean", "sea"],
                    "hsl(214, 80%, 90%)",
                    "hsl(239, 44%, 90%)"
                ]
            }
        },
        {
            "id": "Public Art",
            "type": "circle",
            "metadata": {"mapbox:group": "37e6e4db9fc4641afa5b40dcfac183e8"},
            "source": "composite",
            "source-layer": "public-art-0dzhis",
            "minzoom": 8,
            "layout": {},
            "paint": {
                "circle-radius": [
                    "interpolate",
                    ["exponential", 1.21],
                    ["zoom"],
                    8,
                    1,
                    22,
                    10
                ],
                "circle-stroke-width": 0.5,
                "circle-color": [
                    "match",
                    ["get", "type"],
                    ["Totem pole"],
                    "hsl(137, 100%, 36%)",
                    ["Fountain or water feature"],
                    "hsl(245, 100%, 43%)",
                    ["Memorial or monument", "Sculpture"],
                    "hsl(0, 97%, 61%)",
                    "#000000"
                ],
                "circle-stroke-color": "hsl(0, 0%, 0%)"
            }
        },
        {
            "id": "Cultural Spaces",
            "type": "symbol",
            "metadata": {"mapbox:group": "37e6e4db9fc4641afa5b40dcfac183e8"},
            "source": "composite",
            "source-layer": "cultural-spaces-39io55",
            "minzoom": 11.5,
            "layout": {
                "text-font": ["DIN Pro Medium", "Arial Unicode MS Regular"],
                "text-size": ["step", ["zoom"], 0, 15, 12, 22, 14],
                "icon-image": [
                    "match",
                    ["get", "type"],
                    ["Museum/Gallery"],
                    "museum-15",
                    ["Theatre/Performance"],
                    "theatre-15",
                    ["Community Space"],
                    "castle-15",
                    ["Educational"],
                    "library-11",
                    ""
                ],
                "text-field": [
                    "match",
                    ["get", "type"],
                    ["Museum/Gallery"],
                    ["to-string", ["get", "cultural_space_name"]],
                    ["Community Space"],
                    ["to-string", ["get", "cultural_space_name"]],
                    ["Educational"],
                    ["to-string", ["get", "cultural_space_name"]],
                    ["Theatre/Performance"],
                    ["to-string", ["get", "cultural_space_name"]],
                    ""
                ],
                "text-offset": [0, 0.5],
                "text-variable-anchor": ["top"]
            },
            "paint": {
                "text-color": "hsl(22, 29%, 32%)",
                "text-halo-color": "hsl(0, 0%, 100%)",
                "text-halo-width": 0.5
            }
        },
        {
            "id": "poi-label",
            "type": "symbol",
            "metadata": {
                "mapbox:featureComponent": "point-of-interest-labels",
                "mapbox:group": "Point of interest labels, poi-labels"
            },
            "source": "composite",
            "source-layer": "poi_label",
            "minzoom": 6,
            "filter": [
                "<=",
                ["get", "filterrank"],
                ["+", ["step", ["zoom"], 0, 16, 1, 17, 2], 2]
            ],
            "layout": {
                "text-size": [
                    "step",
                    ["zoom"],
                    ["step", ["get", "sizerank"], 18, 5, 12],
                    17,
                    ["step", ["get", "sizerank"], 18, 13, 12]
                ],
                "icon-image": [
                    "step",
                    ["zoom"],
                    ["concat", ["get", "maki"], "-11"],
                    15,
                    ["concat", ["get", "maki"], "-15"]
                ],
                "text-font": ["DIN Pro Medium", "Arial Unicode MS Regular"],
                "text-offset": [
                    "step",
                    ["zoom"],
                    [
                        "step",
                        ["get", "sizerank"],
                        ["literal", [0, 0]],
                        5,
                        ["literal", [0, 0.75]]
                    ],
                    17,
                    [
                        "step",
                        ["get", "sizerank"],
                        ["literal", [0, 0]],
                        13,
                        ["literal", [0, 0.75]]
                    ]
                ],
                "text-anchor": [
                    "step",
                    ["zoom"],
                    ["step", ["get", "sizerank"], "center", 5, "top"],
                    17,
                    ["step", ["get", "sizerank"], "center", 13, "top"]
                ],
                "text-field": ["coalesce", ["get", "name_en"], ["get", "name"]]
            },
            "paint": {
                "icon-opacity": [
                    "step",
                    ["zoom"],
                    ["step", ["get", "sizerank"], 0, 5, 1],
                    17,
                    ["step", ["get", "sizerank"], 0, 13, 1]
                ],
                "text-halo-color": [
                    "match",
                    ["get", "class"],
                    "park_like",
                    "hsl(78, 55%, 100%)",
                    "education",
                    "hsla(0, 52%, 100%, 0)",
                    "medical",
                    "hsla(40, 53%, 71%, 0)",
                    "hsl(40, 53%, 100%)"
                ],
                "text-halo-width": 0.5,
                "text-halo-blur": 0.5,
                "text-color": [
                    "step",
                    ["zoom"],
                    [
                        "step",
                        ["get", "sizerank"],
                        [
                            "match",
                            ["get", "class"],
                            "food_and_drink",
                            "hsl(22, 44%, 61%)",
                            "park_like",
                            "hsl(78, 23%, 35%)",
                            "education",
                            "hsla(0, 18%, 45%, 0)",
                            "medical",
                            "hsla(40, 19%, 100%, 0)",
                            "hsl(26, 15%, 48%)"
                        ],
                        5,
                        [
                            "match",
                            ["get", "class"],
                            "food_and_drink",
                            "hsl(22, 68%, 44%)",
                            "park_like",
                            "hsl(78, 51%, 18%)",
                            "education",
                            "hsla(0, 45%, 25%, 0)",
                            "medical",
                            "hsla(40, 25%, 100%, 0)",
                            "hsl(26, 20%, 38%)"
                        ]
                    ],
                    17,
                    [
                        "step",
                        ["get", "sizerank"],
                        [
                            "match",
                            ["get", "class"],
                            "food_and_drink",
                            "hsl(22, 44%, 61%)",
                            "park_like",
                            "hsl(78, 23%, 35%)",
                            "education",
                            "hsla(0, 18%, 45%, 0)",
                            "medical",
                            "hsla(40, 19%, 100%, 0)",
                            "hsl(26, 15%, 48%)"
                        ],
                        13,
                        [
                            "match",
                            ["get", "class"],
                            "food_and_drink",
                            "hsl(22, 68%, 44%)",
                            "park_like",
                            "hsl(78, 51%, 18%)",
                            "education",
                            "hsla(0, 45%, 25%, 0)",
                            "medical",
                            "hsla(40, 25%, 100%, 0)",
                            "hsl(26, 20%, 38%)"
                        ]
                    ]
                ]
            }
        },
        {
            "id": "airport-label",
            "type": "symbol",
            "metadata": {
                "mapbox:featureComponent": "transit",
                "mapbox:group": "Transit, transit-labels"
            },
            "source": "composite",
            "source-layer": "airport_label",
            "minzoom": 8,
            "layout": {
                "text-line-height": 1.1,
                "text-size": ["step", ["get", "sizerank"], 18, 9, 12],
                "icon-image": [
                    "step",
                    ["get", "sizerank"],
                    ["concat", ["get", "maki"], "-15"],
                    9,
                    ["concat", ["get", "maki"], "-11"]
                ],
                "text-font": ["DIN Pro Medium", "Arial Unicode MS Regular"],
                "text-offset": [0, 0.75],
                "text-rotation-alignment": "viewport",
                "text-anchor": "top",
                "text-field": [
                    "step",
                    ["get", "sizerank"],
                    ["coalesce", ["get", "name_en"], ["get", "name"]],
                    15,
                    ["get", "ref"]
                ],
                "text-letter-spacing": 0.01,
                "text-max-width": 9
            },
            "paint": {
                "text-color": "hsl(225, 4%, 40%)",
                "text-halo-color": "hsl(225, 68%, 100%)",
                "text-halo-width": 1
            }
        },
        {
            "id": "settlement-subdivision-label",
            "type": "symbol",
            "metadata": {
                "mapbox:featureComponent": "place-labels",
                "mapbox:group": "Place labels, place-labels"
            },
            "source": "composite",
            "source-layer": "place_label",
            "minzoom": 10,
            "maxzoom": 15,
            "filter": [
                "all",
                ["==", ["get", "class"], "settlement_subdivision"],
                ["<=", ["get", "filterrank"], 3]
            ],
            "layout": {
                "text-field": ["coalesce", ["get", "name_en"], ["get", "name"]],
                "text-transform": "uppercase",
                "text-font": ["DIN Pro Regular", "Arial Unicode MS Regular"],
                "text-letter-spacing": [
                    "match",
                    ["get", "type"],
                    "suburb",
                    0.15,
                    0.1
                ],
                "text-max-width": 7,
                "text-padding": 3,
                "text-size": [
                    "interpolate",
                    ["cubic-bezier", 0.5, 0, 1, 1],
                    ["zoom"],
                    11,
                    ["match", ["get", "type"], "suburb", 11, 10.5],
                    15,
                    ["match", ["get", "type"], "suburb", 17, 16]
                ]
            },
            "paint": {
                "text-halo-color": "hsla(40, 53%, 100%, 0.75)",
                "text-halo-width": 1,
                "text-color": "hsl(0, 0%, 27%)",
                "text-halo-blur": 0.5
            }
        },
        {
            "id": "settlement-minor-label",
            "type": "symbol",
            "metadata": {
                "mapbox:featureComponent": "place-labels",
                "mapbox:group": "Place labels, place-labels"
            },
            "source": "composite",
            "source-layer": "place_label",
            "maxzoom": 15,
            "filter": [
                "all",
                ["<=", ["get", "filterrank"], 3],
                ["==", ["get", "class"], "settlement"],
                [
                    "step",
                    ["zoom"],
                    true,
                    8,
                    [">=", ["get", "symbolrank"], 11],
                    10,
                    [">=", ["get", "symbolrank"], 12],
                    11,
                    [">=", ["get", "symbolrank"], 13],
                    12,
                    [">=", ["get", "symbolrank"], 15],
                    13,
                    [">=", ["get", "symbolrank"], 11],
                    14,
                    [">=", ["get", "symbolrank"], 13]
                ]
            ],
            "layout": {
                "text-line-height": 1.1,
                "text-size": [
                    "interpolate",
                    ["cubic-bezier", 0.2, 0, 0.9, 1],
                    ["zoom"],
                    3,
                    [
                        "step",
                        ["get", "symbolrank"],
                        12,
                        9,
                        11,
                        10,
                        10.5,
                        12,
                        9.5,
                        14,
                        8.5,
                        16,
                        6.5,
                        17,
                        4
                    ],
                    13,
                    [
                        "step",
                        ["get", "symbolrank"],
                        25,
                        9,
                        23,
                        10,
                        21,
                        11,
                        19,
                        12,
                        18,
                        13,
                        17,
                        15,
                        15
                    ]
                ],
                "icon-image": "",
                "text-font": ["DIN Pro Regular", "Arial Unicode MS Regular"],
                "text-justify": [
                    "step",
                    ["zoom"],
                    [
                        "match",
                        ["get", "text_anchor"],
                        ["left", "bottom-left", "top-left"],
                        "left",
                        ["right", "bottom-right", "top-right"],
                        "right",
                        "center"
                    ],
                    8,
                    "center"
                ],
                "text-offset": [
                    "step",
                    ["zoom"],
                    ["literal", [0, 0]],
                    8,
                    ["literal", [0, 0]]
                ],
                "text-anchor": ["step", ["zoom"], "center", 8, "center"],
                "text-field": ["coalesce", ["get", "name_en"], ["get", "name"]],
                "text-max-width": 7
            },
            "paint": {
                "text-color": "hsl(0, 0%, 0%)",
                "text-halo-color": "hsl(40, 53%, 100%)",
                "text-halo-width": 1,
                "icon-opacity": ["step", ["zoom"], 1, 8, 0],
                "text-halo-blur": 1
            }
        },
        {
            "id": "settlement-major-label",
            "type": "symbol",
            "metadata": {
                "mapbox:featureComponent": "place-labels",
                "mapbox:group": "Place labels, place-labels"
            },
            "source": "composite",
            "source-layer": "place_label",
            "maxzoom": 15,
            "filter": [
                "all",
                ["<=", ["get", "filterrank"], 3],
                ["==", ["get", "class"], "settlement"],
                [
                    "step",
                    ["zoom"],
                    false,
                    8,
                    ["<", ["get", "symbolrank"], 11],
                    10,
                    ["<", ["get", "symbolrank"], 12],
                    11,
                    ["<", ["get", "symbolrank"], 13],
                    12,
                    ["<", ["get", "symbolrank"], 15],
                    13,
                    [">=", ["get", "symbolrank"], 11],
                    14,
                    [">=", ["get", "symbolrank"], 13]
                ]
            ],
            "layout": {
                "text-line-height": 1.1,
                "text-size": [
                    "interpolate",
                    ["cubic-bezier", 0.2, 0, 0.9, 1],
                    ["zoom"],
                    8,
                    ["step", ["get", "symbolrank"], 18, 9, 17, 10, 15],
                    15,
                    [
                        "step",
                        ["get", "symbolrank"],
                        28,
                        9,
                        26,
                        10,
                        23,
                        11,
                        21,
                        12,
                        20,
                        13,
                        19,
                        15,
                        16
                    ]
                ],
                "icon-image": "",
                "text-font": ["DIN Pro Medium", "Arial Unicode MS Regular"],
                "text-justify": [
                    "step",
                    ["zoom"],
                    [
                        "match",
                        ["get", "text_anchor"],
                        ["left", "bottom-left", "top-left"],
                        "left",
                        ["right", "bottom-right", "top-right"],
                        "right",
                        "center"
                    ],
                    8,
                    "center"
                ],
                "text-offset": [
                    "step",
                    ["zoom"],
                    ["literal", [0, 0]],
                    8,
                    ["literal", [0, 0]]
                ],
                "text-anchor": ["step", ["zoom"], "center", 8, "center"],
                "text-field": ["coalesce", ["get", "name_en"], ["get", "name"]],
                "text-max-width": 7
            },
            "paint": {
                "text-color": "hsl(0, 0%, 0%)",
                "text-halo-color": "hsl(40, 53%, 100%)",
                "text-halo-width": 1,
                "icon-opacity": ["step", ["zoom"], 1, 8, 0],
                "text-halo-blur": 1
            }
        },
        {
            "id": "state-label",
            "type": "symbol",
            "metadata": {
                "mapbox:featureComponent": "place-labels",
                "mapbox:group": "Place labels, place-labels"
            },
            "source": "composite",
            "source-layer": "place_label",
            "minzoom": 3,
            "maxzoom": 9,
            "filter": ["==", ["get", "class"], "state"],
            "layout": {
                "text-size": [
                    "interpolate",
                    ["cubic-bezier", 0.85, 0.7, 0.65, 1],
                    ["zoom"],
                    4,
                    ["step", ["get", "symbolrank"], 10, 6, 9.5, 7, 9],
                    9,
                    ["step", ["get", "symbolrank"], 24, 6, 18, 7, 14]
                ],
                "text-transform": "uppercase",
                "text-font": ["DIN Pro Bold", "Arial Unicode MS Bold"],
                "text-field": [
                    "step",
                    ["zoom"],
                    [
                        "step",
                        ["get", "symbolrank"],
                        ["coalesce", ["get", "name_en"], ["get", "name"]],
                        5,
                        [
                            "coalesce",
                            ["get", "abbr"],
                            ["get", "name_en"],
                            ["get", "name"]
                        ]
                    ],
                    5,
                    ["coalesce", ["get", "name_en"], ["get", "name"]]
                ],
                "text-letter-spacing": 0.15,
                "text-max-width": 6
            },
            "paint": {
                "text-color": "hsl(0, 0%, 0%)",
                "text-halo-color": "hsl(40, 53%, 100%)",
                "text-halo-width": 1
            }
        },
        {
            "id": "country-label",
            "type": "symbol",
            "metadata": {
                "mapbox:featureComponent": "place-labels",
                "mapbox:group": "Place labels, place-labels"
            },
            "source": "composite",
            "source-layer": "place_label",
            "minzoom": 1,
            "maxzoom": 10,
            "filter": ["==", ["get", "class"], "country"],
            "layout": {
                "icon-image": "",
                "text-field": ["coalesce", ["get", "name_en"], ["get", "name"]],
                "text-line-height": 1.1,
                "text-max-width": 6,
                "text-font": ["DIN Pro Medium", "Arial Unicode MS Regular"],
                "text-offset": ["literal", [0, 0]],
                "text-justify": [
                    "step",
                    ["zoom"],
                    [
                        "match",
                        ["get", "text_anchor"],
                        ["left", "bottom-left", "top-left"],
                        "left",
                        ["right", "bottom-right", "top-right"],
                        "right",
                        "center"
                    ],
                    7,
                    "center"
                ],
                "text-size": [
                    "interpolate",
                    ["cubic-bezier", 0.2, 0, 0.7, 1],
                    ["zoom"],
                    1,
                    ["step", ["get", "symbolrank"], 11, 4, 9, 5, 8],
                    9,
                    ["step", ["get", "symbolrank"], 28, 4, 22, 5, 21]
                ]
            },
            "paint": {
                "icon-opacity": [
                    "step",
                    ["zoom"],
                    ["case", ["has", "text_anchor"], 1, 0],
                    7,
                    0
                ],
                "text-color": "hsl(0, 0%, 0%)",
                "text-halo-color": [
                    "interpolate",
                    ["linear"],
                    ["zoom"],
                    2,
                    "hsla(40, 53%, 100%, 0.75)",
                    3,
                    "hsl(40, 53%, 100%)"
                ],
                "text-halo-width": 1.25
            }
        }
    ],
    "created": "2020-02-14T21:16:13.485Z",
    "id": "ck6mo98230lim1iql4dgvyj7t",
    "modified": "2020-02-14T21:16:13.485Z",
    "owner": "tristanl88",
    "visibility": "private",
    "draft": false
}